{"cameraMode":{"drawMode":0,"name":"Shaded","section":"Shading Mode"},"sceneLighting":false,"audioPlay":false,"sceneViewState":{"showFog":true,"showMaterialUpdate":false,"showSkybox":true,"showFlares":true,"showImageEffects":true,"showParticleSystems":true},"in2DMode":false,"pivot":{"x":478.06005859375,"y":256.1763000488281,"z":-47.84996795654297},"rotation":{"x":0.16125188767910005,"y":-0.06446664780378342,"z":0.01057087630033493,"w":0.9847487807273865},"size":564.8126831054688,"orthographic":false}